corruption_tertile,count,mean,std
T3 (less corrupt),51,5.883470588235294,1.2918896911569686
T1 (more corrupt),52,5.279903846153847,0.8202967722079137
T2,53,5.073490566037735,1.0374808176658854
